Sample,Mut_type,Mut_num,Cover_num,Mut_ratio,Pass_num,Count
293T-PE2-EMX1-1TGC.Ins-KO-PD-F155V_rep1,GA,4,10,0.02,2,58326
293T-PE2-EMX1-1TGC.Ins-KO-PD-F155V_rep1,CT,4,10,0.02,2,57646
293T-PE2-EMX1-1TGC.Ins-KO-PD-F155V_rep1,GA,6,10,0.02,2,5247
293T-PE2-EMX1-1TGC.Ins-KO-PD-F155V_rep1,CT,6,10,0.02,2,5381
293T-PE2-EMX1-4GGG.Del-KO-PD-F155V_rep1,GA,4,10,0.02,2,51653
293T-PE2-EMX1-4GGG.Del-KO-PD-F155V_rep1,CT,4,10,0.02,2,51086
293T-PE2-EMX1-4GGG.Del-KO-PD-F155V_rep1,GA,6,10,0.02,2,4653
293T-PE2-EMX1-4GGG.Del-KO-PD-F155V_rep1,CT,6,10,0.02,2,4941
293T-Vector-GFP-KO-PD_rep1,GA,4,10,0.02,2,270648
293T-Vector-GFP-KO-PD_rep1,CT,4,10,0.02,2,267289
293T-Vector-GFP-KO-PD_rep1,CT,6,10,0.02,2,28284
293T-Vector-GFP-KO-PD_rep1,GA,6,10,0.02,2,28317
293T-PE-pegRNADel-KO-PD-F155V_rep1,CT,4,10,0.02,2,90320
293T-PE-pegRNADel-KO-PD-F155V_rep1,GA,4,10,0.02,2,92510
293T-PE-pegRNADel-KO-PD-F155V_rep1,CT,6,10,0.02,2,8340
293T-PE-pegRNADel-KO-PD-F155V_rep1,GA,6,10,0.02,2,8113
293T-PE3-EMX1-1GtoC-KO-PD-F155V_rep1,CT,4,10,0.02,2,63562
293T-PE3-EMX1-1GtoC-KO-PD-F155V_rep1,GA,4,10,0.02,2,64454
293T-PE3-EMX1-1GtoC-KO-PD-F155V_rep1,GA,6,10,0.02,2,5615
293T-PE3-EMX1-1GtoC-KO-PD-F155V_rep1,CT,6,10,0.02,2,5728
293T-Mock-PD_rep1,GA,4,10,0.02,2,59224
293T-Mock-PD_rep1,CT,4,10,0.02,2,58979
293T-Mock-PD_rep1,GA,6,10,0.02,2,5261
293T-Mock-PD_rep1,CT,6,10,0.02,2,5479
293T-PE3-EMX1-4GGG.Del-KO-PD-F155V_rep1,CT,4,10,0.02,2,71633
293T-PE3-EMX1-4GGG.Del-KO-PD-F155V_rep1,GA,4,10,0.02,2,72801
293T-PE3-EMX1-4GGG.Del-KO-PD-F155V_rep1,GA,6,10,0.02,2,6251
293T-PE3-EMX1-4GGG.Del-KO-PD-F155V_rep1,CT,6,10,0.02,2,6513
293T-dPE2-HEK4-2GtoT-KO-PD-F155V_rep1,CT,4,10,0.02,2,61505
293T-dPE2-HEK4-2GtoT-KO-PD-F155V_rep1,GA,4,10,0.02,2,62609
293T-dPE2-HEK4-2GtoT-KO-PD-F155V_rep1,GA,6,10,0.02,2,5401
293T-dPE2-HEK4-2GtoT-KO-PD-F155V_rep1,CT,6,10,0.02,2,5728
293T-PE2-HEK4-2GtoT-KO-PD-F155V_rep1,CT,4,10,0.02,2,220394
293T-PE2-HEK4-2GtoT-KO-PD-F155V_rep1,GA,4,10,0.02,2,223317
293T-PE2-HEK4-2GtoT-KO-PD-F155V_rep1,CT,6,10,0.02,2,22906
293T-PE2-HEK4-2GtoT-KO-PD-F155V_rep1,GA,6,10,0.02,2,23147
293T-dPE3-HEK4-2GtoT-KO-PD-F155V_rep1,CT,4,10,0.02,2,74083
293T-dPE3-HEK4-2GtoT-KO-PD-F155V_rep1,GA,4,10,0.02,2,75055
293T-dPE3-HEK4-2GtoT-KO-PD-F155V_rep1,GA,6,10,0.02,2,6553
293T-dPE3-HEK4-2GtoT-KO-PD-F155V_rep1,CT,6,10,0.02,2,6697
293T-PE3-EMX1-1TGC.Ins-KO-PD-F155V_rep1,CT,4,10,0.02,2,98373
293T-PE3-EMX1-1TGC.Ins-KO-PD-F155V_rep1,GA,4,10,0.02,2,99284
293T-PE3-EMX1-1TGC.Ins-KO-PD-F155V_rep1,CT,6,10,0.02,2,8668
293T-PE3-EMX1-1TGC.Ins-KO-PD-F155V_rep1,GA,6,10,0.02,2,8439
293T-PE3-HEK4-2GtoT-KO-PD-F155V_rep1,GA,4,10,0.02,2,276791
293T-PE3-HEK4-2GtoT-KO-PD-F155V_rep1,CT,4,10,0.02,2,273567
293T-PE3-HEK4-2GtoT-KO-PD-F155V_rep1,GA,6,10,0.02,2,28717
293T-PE3-HEK4-2GtoT-KO-PD-F155V_rep1,CT,6,10,0.02,2,28384
293T-PE2-EMX1-1GtoC-KO-PD-F155V_rep1,CT,4,10,0.02,2,50540
293T-PE2-EMX1-1GtoC-KO-PD-F155V_rep1,GA,4,10,0.02,2,50683
293T-PE2-EMX1-1GtoC-KO-PD-F155V_rep1,CT,6,10,0.02,2,5113
293T-PE2-EMX1-1GtoC-KO-PD-F155V_rep1,GA,6,10,0.02,2,4752